--
-- Script was generated by Devart dbForge Studio 2019 for SQL Server, Version 5.8.127.0
-- Product home page: http://www.devart.com/dbforge/sql/studio
-- Script date 8/2/2022 9:27:49 AM
-- Server version: 15.00.2000
--

SET DATEFORMAT ymd
SET ARITHABORT, ANSI_PADDING, ANSI_WARNINGS, CONCAT_NULL_YIELDS_NULL, QUOTED_IDENTIFIER, ANSI_NULLS, NOCOUNT ON
SET NUMERIC_ROUNDABORT, IMPLICIT_TRANSACTIONS, XACT_ABORT OFF
GO

SET IDENTITY_INSERT lwmsDB.dbo.UnitOfMeasure ON
GO
INSERT lwmsDB.dbo.UnitOfMeasure(Id, abbreviation, description) VALUES (1, N'عدد', NULL)
INSERT lwmsDB.dbo.UnitOfMeasure(Id, abbreviation, description) VALUES (2, N'کیلو', NULL)
GO
SET IDENTITY_INSERT lwmsDB.dbo.UnitOfMeasure OFF
GO


SET IDENTITY_INSERT lwmsDB.dbo.Party ON
GO
INSERT lwmsDB.dbo.Party(Id, typeId, isDeleted) VALUES (1, 1, CONVERT(bit, 'False'))
INSERT lwmsDB.dbo.Party(Id, typeId, isDeleted) VALUES (2, 2, CONVERT(bit, 'False'))
INSERT lwmsDB.dbo.Party(Id, typeId, isDeleted) VALUES (3, 1, CONVERT(bit, 'False'))
GO
SET IDENTITY_INSERT lwmsDB.dbo.Party OFF
GO


SET IDENTITY_INSERT lwmsDB.dbo.Product ON
GO
INSERT lwmsDB.dbo.Product(Id, name, subtype, description, isDeleted, unitOfMeasureId) VALUES (1, N'کاغذ A4', 1, NULL, CONVERT(bit, 'False'), 1)
INSERT lwmsDB.dbo.Product(Id, name, subtype, description, isDeleted, unitOfMeasureId) VALUES (2, N'برنج', 1, NULL, CONVERT(bit, 'False'), 2)
INSERT lwmsDB.dbo.Product(Id, name, subtype, description, isDeleted, unitOfMeasureId) VALUES (3, N'خودکار پنتر', 1, NULL, CONVERT(bit, 'False'), 1)
GO
SET IDENTITY_INSERT lwmsDB.dbo.Product OFF
GO


SET IDENTITY_INSERT lwmsDB.dbo.Person ON
GO
INSERT lwmsDB.dbo.Person(Id, partyId, firstName, lastName, nationalCode, isDeleted) VALUES (1, 1, N'محمدرضا', N'شریعتی', N'0017146975', CONVERT(bit, 'False'))
INSERT lwmsDB.dbo.Person(Id, partyId, firstName, lastName, nationalCode, isDeleted) VALUES (3, 3, N'علی', N'همتی', N'0021949433', CONVERT(bit, 'False'))
GO
SET IDENTITY_INSERT lwmsDB.dbo.Person OFF
GO

SET IDENTITY_INSERT lwmsDB.dbo.Company ON
GO
INSERT lwmsDB.dbo.Company(Id, partyId, title, nationalCode, isDeleted) VALUES (1, 2, N'گروه ضمیمه', N'142654894', CONVERT(bit, 'False'))
GO
SET IDENTITY_INSERT lwmsDB.dbo.Company OFF
GO



SET IDENTITY_INSERT lwmsDB.dbo.Facility ON
GO
INSERT lwmsDB.dbo.Facility(Id, name, type, isDeleted) VALUES (1, N'انبار مرکزی', 1, CONVERT(bit, 'False'))
INSERT lwmsDB.dbo.Facility(Id, name, type, isDeleted) VALUES (2, N'انبار تهران', 2, CONVERT(bit, 'False'))
GO
SET IDENTITY_INSERT lwmsDB.dbo.Facility OFF
GO

SET IDENTITY_INSERT lwmsDB.dbo.InventoryItemStatusType ON
GO
INSERT lwmsDB.dbo.InventoryItemStatusType(Id, name, isDeleted) VALUES (1, N'ورود', CONVERT(bit, 'False'))
INSERT lwmsDB.dbo.InventoryItemStatusType(Id, name, isDeleted) VALUES (2, N'خروج', CONVERT(bit, 'False'))
GO
SET IDENTITY_INSERT lwmsDB.dbo.InventoryItemStatusType OFF
GO



SET IDENTITY_INSERT lwmsDB.dbo.Container ON
GO
INSERT lwmsDB.dbo.Container(Id, name, facilityId, isDeleted) VALUES (1, N'قفسه اول مرکزی', 1, CONVERT(bit, 'False'))
INSERT lwmsDB.dbo.Container(Id, name, facilityId, isDeleted) VALUES (2, N'قفسه اول تهران', 2, CONVERT(bit, 'False'))
GO
SET IDENTITY_INSERT lwmsDB.dbo.Container OFF
GO


SET IDENTITY_INSERT lwmsDB.dbo.GoodIdentification ON
GO
GO
SET IDENTITY_INSERT lwmsDB.dbo.GoodIdentification OFF
GO

SET IDENTITY_INSERT lwmsDB.dbo.IdentificationType ON
GO
GO
SET IDENTITY_INSERT lwmsDB.dbo.IdentificationType OFF
GO

SET IDENTITY_INSERT lwmsDB.dbo.InventoryItem ON
GO
INSERT lwmsDB.dbo.InventoryItem(Id, facilityId, isDeleted, partyId, fromDate) VALUES (1, 1, CONVERT(bit, 'False'), 1, '2022-07-31')
INSERT lwmsDB.dbo.InventoryItem(Id, facilityId, isDeleted, partyId, fromDate) VALUES (2, 2, CONVERT(bit, 'False'), 2, '2022-07-31')
INSERT lwmsDB.dbo.InventoryItem(Id, facilityId, isDeleted, partyId, fromDate) VALUES (3, 1, CONVERT(bit, 'False'), 2, '2022-08-02')
INSERT lwmsDB.dbo.InventoryItem(Id, facilityId, isDeleted, partyId, fromDate) VALUES (4, 2, CONVERT(bit, 'False'), 1, '2022-08-03')
INSERT lwmsDB.dbo.InventoryItem(Id, facilityId, isDeleted, partyId, fromDate) VALUES (5, 1, CONVERT(bit, 'False'), 2, '2022-08-05')
INSERT lwmsDB.dbo.InventoryItem(Id, facilityId, isDeleted, partyId, fromDate) VALUES (7, 2, CONVERT(bit, 'False'), 2, '2022-08-09')
INSERT lwmsDB.dbo.InventoryItem(Id, facilityId, isDeleted, partyId, fromDate) VALUES (12, 1, CONVERT(bit, 'False'), 2, '2022-08-11')
INSERT lwmsDB.dbo.InventoryItem(Id, facilityId, isDeleted, partyId, fromDate) VALUES (13, 1, CONVERT(bit, 'False'), 1, '2022-07-31')
GO
SET IDENTITY_INSERT lwmsDB.dbo.InventoryItem OFF
GO

SET IDENTITY_INSERT lwmsDB.dbo.InventoryItemDetail ON
GO
INSERT lwmsDB.dbo.InventoryItemDetail(Id, serialNumber, quantity, inventoryItemId, containerId, productId, inventoryItemStatusTypeId) VALUES (2, NULL, 25, 1, 1, 1, 1)
INSERT lwmsDB.dbo.InventoryItemDetail(Id, serialNumber, quantity, inventoryItemId, containerId, productId, inventoryItemStatusTypeId) VALUES (4, NULL, 20, 2, 2, 1, 1)
INSERT lwmsDB.dbo.InventoryItemDetail(Id, serialNumber, quantity, inventoryItemId, containerId, productId, inventoryItemStatusTypeId) VALUES (5, NULL, -15, 3, 2, 1, 2)
INSERT lwmsDB.dbo.InventoryItemDetail(Id, serialNumber, quantity, inventoryItemId, containerId, productId, inventoryItemStatusTypeId) VALUES (6, NULL, 100, 4, 2, 2, 1)
INSERT lwmsDB.dbo.InventoryItemDetail(Id, serialNumber, quantity, inventoryItemId, containerId, productId, inventoryItemStatusTypeId) VALUES (8, NULL, 25, 4, 2, 3, 1)
INSERT lwmsDB.dbo.InventoryItemDetail(Id, serialNumber, quantity, inventoryItemId, containerId, productId, inventoryItemStatusTypeId) VALUES (10, NULL, 50, 5, 1, 3, 1)
INSERT lwmsDB.dbo.InventoryItemDetail(Id, serialNumber, quantity, inventoryItemId, containerId, productId, inventoryItemStatusTypeId) VALUES (11, NULL, -25, 7, 2, 2, 2)
INSERT lwmsDB.dbo.InventoryItemDetail(Id, serialNumber, quantity, inventoryItemId, containerId, productId, inventoryItemStatusTypeId) VALUES (12, N'4024520', -23, 12, 1, 1, 2)
INSERT lwmsDB.dbo.InventoryItemDetail(Id, serialNumber, quantity, inventoryItemId, containerId, productId, inventoryItemStatusTypeId) VALUES (13, NULL, 50, 13, 1, 1, 1)
GO
SET IDENTITY_INSERT lwmsDB.dbo.InventoryItemDetail OFF
GO







SET IDENTITY_INSERT lwmsDB.dbo.ProductCategory ON
GO
GO
SET IDENTITY_INSERT lwmsDB.dbo.ProductCategory OFF
GO

SET IDENTITY_INSERT lwmsDB.dbo.ProductCategoryClassification ON
GO
GO
SET IDENTITY_INSERT lwmsDB.dbo.ProductCategoryClassification OFF
GO

SET IDENTITY_INSERT lwmsDB.dbo.ProductFeature ON
GO
GO
SET IDENTITY_INSERT lwmsDB.dbo.ProductFeature OFF
GO

SET IDENTITY_INSERT lwmsDB.dbo.ProductFeatureApplicability ON
GO
GO
SET IDENTITY_INSERT lwmsDB.dbo.ProductFeatureApplicability OFF
GO

SET IDENTITY_INSERT lwmsDB.dbo.ProductFeatureCategory ON
GO
GO
SET IDENTITY_INSERT lwmsDB.dbo.ProductFeatureCategory OFF
GO

